Designator,Mid X,Mid Y,Rotation,Layer
A1,588.6724782736612,-147.76416018678322,7.5,top
D1,469.10625,-139.54125,90.0,top
D10,701.9090084381594,-106.66331860183865,105.0,top
D100,504.825,-246.6975,90.0,top
D101,557.2125,-246.6975,90.0,top
D102,706.5700074381593,-216.21391860183866,105.0,top
D103,729.5711164381594,-210.05078860183866,105.0,top
D104,752.5722244381593,-203.88766060183866,105.0,top
D105,775.5733334381594,-197.72453160183863,105.0,top
D106,803.1746634381593,-190.32877960183865,105.0,top
D107,450.05625,-139.54125,90.0,top
D108,775.4500004381593,-86.73000060183865,105.0,top
D11,720.3098944381593,-101.73281560183865,105.0,top
D12,738.7107804381593,-96.80231260183865,105.0,top
D13,757.1116694381593,-91.87180960183865,105.0,top
D17,447.675,-170.4975,90.0,top
D18,466.725,-170.4975,90.0,top
D19,485.775,-170.4975,90.0,top
D2,488.15625,-139.54125,90.0,top
D20,504.825,-170.4975,90.0,top
D21,523.875,-170.4975,90.0,top
D22,542.925,-170.4975,90.0,top
D23,561.975,-170.4975,90.0,top
D24,654.6464424381594,-151.23875060183866,105.0,top
D25,673.0473314381593,-146.30824760183864,105.0,top
D26,691.4482174381593,-141.37774460183866,105.0,top
D27,709.8491054381593,-136.44724160183864,105.0,top
D28,728.2499914381593,-131.51673960183865,105.0,top
D29,746.6508774381593,-126.58623560183865,105.0,top
D3,507.20625,-139.54125,90.0,top
D30,783.4526524381594,-116.72523060183865,105.0,top
D4,526.25625,-139.54125,90.0,top
D5,545.30625,-139.54125,90.0,top
D58,457.2,-189.5475,90.0,top
D59,476.25,-189.5475,90.0,top
D6,564.35625,-139.54125,90.0,top
D60,495.3,-189.5475,90.0,top
D61,514.35,-189.5475,90.0,top
D62,533.4,-189.5475,90.0,top
D63,552.45,-189.5475,90.0,top
D64,650.3765034381594,-172.10488760183864,105.0,top
D65,668.7773894381594,-167.17438460183865,105.0,top
D66,687.1782784381594,-162.24388160183864,105.0,top
D67,705.5791634381593,-157.31338060183865,105.0,top
D68,723.9800514381593,-152.38287760183866,105.0,top
D69,742.3809394381593,-147.45237360183864,105.0,top
D7,646.7063454381594,-121.45482760183864,105.0,top
D70,760.7818244381593,-142.52187260183865,105.0,top
D71,461.9625,-208.5975,90.0,top
D72,481.0125,-208.5975,90.0,top
D73,500.0625,-208.5975,90.0,top
D74,519.1125,-208.5975,90.0,top
D75,538.1625,-208.5975,90.0,top
D76,557.2125,-208.5975,90.0,top
D77,659.9072274381593,-189.27314860183864,105.0,top
D78,678.3081144381594,-184.34264760183865,105.0,top
D79,696.7090004381594,-179.41214360183864,105.0,top
D8,665.1072334381594,-116.52432460183864,105.0,top
D80,715.1098874381594,-174.48164060183865,105.0,top
D81,733.5107754381594,-169.55113760183866,105.0,top
D82,751.9116624381594,-164.62063460183865,105.0,top
D83,770.3125494381593,-159.69013260183866,105.0,top
D84,790.8484064381594,-144.32656260183865,105.0,top
D85,452.4375,-227.6475,90.0,top
D86,471.4875,-227.6475,90.0,top
D87,490.5375,-227.6475,90.0,top
D88,509.5875,-227.6475,90.0,top
D89,528.6375,-227.6475,90.0,top
D9,683.5081204381594,-111.59382160183864,105.0,top
D90,547.6875,-227.6475,90.0,top
D91,655.6372874381593,-210.13928760183865,105.0,top
D92,674.0381744381593,-205.20878560183866,105.0,top
D93,692.4390624381593,-200.27828260183864,105.0,top
D94,710.8399474381594,-195.34778060183865,105.0,top
D95,729.2408364381594,-190.41727760183863,105.0,top
D96,747.6417224381594,-185.48677460183865,105.0,top
D97,798.2441614381594,-171.92789160183864,105.0,top
D98,457.2,-246.6975,90.0,top
D99,481.0125,-246.6975,90.0,top
J1,597.9500004454952,-218.44000023111977,97.5,top
OLED DISPLAY1,592.959937152211,-180.33064540653564,97.5,top
SW1,459.58125,-138.40375,0.0,top
SW10,692.4141573460823,-108.02982959516471,15.0,top
SW100_1.25,492.91875,-245.56,0.0,top
SW101,531.01875,-248.5075,0.0,top
SW102,681.737249481522,-224.74168596815176,15.0,top
SW103_1.25,717.7761563460823,-212.03361359516472,15.0,top
SW104_1.25,740.7772633460823,-205.87048459516473,15.0,top
SW105_1.25,763.7783723460823,-199.70735659516473,15.0,top
SW106_1.5,789.0795923460823,-192.9279145951647,15.0,top
SW11,710.8150443460823,-103.09932659516471,15.0,top
SW12,729.2159303460824,-98.16882359516471,15.0,top
SW13,747.6168193460824,-93.23832059516472,15.0,top
SW17,438.15,-169.36,0.0,top
SW18,457.2,-169.36,0.0,top
SW19,476.25,-169.36,0.0,top
SW2,478.63125,-138.40375,0.0,top
SW20,495.3,-169.36,0.0,top
SW21,514.35,-169.36,0.0,top
SW22,533.4,-169.36,0.0,top
SW23,552.45,-169.36,0.0,top
SW24,645.1515923460823,-152.6052615951647,15.0,top
SW25,663.5524813460823,-147.67475859516472,15.0,top
SW26,681.9533673460824,-142.7442555951647,15.0,top
SW27,700.3542543460824,-137.81375259516471,15.0,top
SW28,718.7551413460824,-132.88325059516472,15.0,top
SW29,737.1560283460823,-127.95274759516472,15.0,top
SW3,497.68125,-138.40375,0.0,top
SW30_2,765.5202284815219,-123.40405896815174,15.0,top
SW4,516.73125,-138.40375,0.0,top
SW5,535.78125,-138.40375,0.0,top
SW58_1.5,442.9125,-188.41,0.0,top
SW59,466.725,-188.41,0.0,top
SW6,554.92,-138.40375,0.0,top
SW60,485.775,-188.41,0.0,top
SW61,504.825,-188.41,0.0,top
SW62,523.875,-188.41,0.0,top
SW63,542.925,-188.41,0.0,top
SW64,640.8816543460823,-173.4713995951647,15.0,top
SW65,659.2825393460823,-168.54089559516473,15.0,top
SW66,677.6834283460823,-163.6103925951647,15.0,top
SW67,696.0843143460824,-158.67988959516472,15.0,top
SW68,714.4852003460824,-153.7493875951647,15.0,top
SW69,732.8860893460824,-148.81888459516472,15.0,top
SW7,637.2114953460823,-122.82133759516472,15.0,top
SW70,751.2869743460823,-143.88838259516473,15.0,top
SW71,766.0177053460824,-88.30781759516472,15.0,top
SW71_1.75,445.29375,-207.46,0.0,top
SW72,471.4875,-207.46,0.0,top
SW73,490.5375,-207.46,0.0,top
SW74,509.5875,-207.46,0.0,top
SW75,528.6375,-207.46,0.0,top
SW76,547.6875,-207.46,0.0,top
SW77,650.4123773460823,-190.6396605951647,15.0,top
SW78,668.8132643460823,-185.70915859516472,15.0,top
SW79,687.2141503460823,-180.7786555951647,15.0,top
SW8,655.6123833460823,-117.89083559516472,15.0,top
SW80,705.6150393460823,-175.84815259516472,15.0,top
SW81,724.0159253460823,-170.9176495951647,15.0,top
SW82,742.4168123460823,-165.98714559516472,15.0,top
SW83,760.8176993460823,-161.0566425951647,15.0,top
SW84_ENTER1,780.4226585463895,-148.10623124093345,15.0,top
SW85_1.25,440.53125,-226.51,0.0,top
SW86,461.9625,-226.51,0.0,top
SW87,481.0125,-226.51,0.0,top
SW88,500.0625,-226.51,0.0,top
SW89,519.1125,-226.51,0.0,top
SW9,674.0132703460823,-112.96033159516472,15.0,top
SW90,538.1625,-226.51,0.0,top
SW91,646.1424373460824,-211.50579859516472,15.0,top
SW92,664.5433243460824,-206.57529659516473,15.0,top
SW93,682.9442123460823,-201.64479259516472,15.0,top
SW94,701.3450973460823,-196.71429159516472,15.0,top
SW95,719.7459853460823,-191.7837865951647,15.0,top
SW96,738.1468723460823,-186.85328559516472,15.0,top
SW97_2.75,773.4114054815219,-180.45565796815174,15.0,top
SW98_1.5,442.9125,-245.56,0.0,top
SW99_1.25,469.10625,-245.56,0.0,top
SWVOL1,438.04375,-139.065,0.0,top
